Workbook

Sheet Final Summary
A2: TENDER NO. D-111808 CONSTRUCTION WORKS FOR REPLACEMENT OF SHBPRY, SMHPRY AND DRPRY SUBSTATION IN EASTERN REGION Lot 1: Shobaisi PRY (SHBPRY)
A4: Item No. | B4: DESCRIPTION | C4: Total Price (AED) | E4: Total Price (AED) A+B
C5: CIF / Local (AED) - A | D5: Erection (AED) - B
A6: 1 | B6: ='[1]Items 1,2,3-Construction Works'!B213 -> Electrical Works for new 33/11 kV Primary Substation | C6: =+'Items 1,2,3-Construction Works'!F213 -> 23787066 | D6: =+'Items 1,2,3-Construction Works'!H213 -> 4573689 | E6: =C6+D6 -> 28360755
A7: 2 | B7: ='[1]Items 1,2,3-Construction Works'!B214 -> Mechanical Works for new 33/11 kV Primary Substation | C7: =+'Items 1,2,3-Construction Works'!F214 -> 4554179.9 | D7: =+'Items 1,2,3-Construction Works'!H214 -> 1043644.8 | E7: =C7+D7 -> 5597824.6
A8: 3 | B8: ='[1]Items 1,2,3-Construction Works'!B215 -> Civil Works for new 33/11 kV Primary Substation Building | C8: =+'Items 1,2,3-Construction Works'!F215 -> 0 | D8: =+'Items 1,2,3-Construction Works'!H215 -> 16229500 | E8: =C8+D8 -> 16229500
A9: 4 | B9: ='[1]Items 4-Load Diversion Works'!B71 -> Interconnecting Cables between Grid Station and the new Primary Substation and Load Diversion works | C9: =+'Items 4-Load Diversion Works'!F73 -> 0 | D9: =+'Items 4-Load Diversion Works'!H73 -> 1389385.8 | E9: =C9+D9 -> 1389385.8
A10: 5 | B10: ='[1]Items 5-8 Dismantl & Modif work'!B21 -> Dismantling, Decommissioning & Demolition Works of existing old 33/11kV primary substation (SHBPRY) | C10: =+'Items 5-8 Dismantl & Modif work'!F21 -> 0 | D10: =+'Items 5-8 Dismantl & Modif work'!H21 -> 193226.5 | E10: =C10+D10 -> 193226.5
A11: 6 | B11: ='[1]Items 5-8 Dismantl & Modif work'!B22 -> Dismantling & Decommissioning Works of old 2 nos. Package Units (SHBPRY2 & SHBPRY3) | C11: =+'Items 5-8 Dismantl & Modif work'!F22 -> 0 | D11: =+'Items 5-8 Dismantl & Modif work'!H22 -> 27020.51 | E11: =C11+D11 -> 27020.51
A12: 7 | B12: ='[1]Items 5-8 Dismantl & Modif work'!B23 -> 33kV OHL Modification works for SHBPRY | C12: =+'Items 5-8 Dismantl & Modif work'!F23 -> 0 | D12: =+'Items 5-8 Dismantl & Modif work'!H23 -> 915054.9 | E12: =C12+D12 -> 915054.9
A13: 8 | B13: ='[1]Items 5-8 Dismantl & Modif work'!B24 -> Shifting of existing 11kV TRM (GIS name: OKH12) to a location near existing TRM (DHS08) to connect Radial Transformer (SHB02) into a ring feeder | C13: =+'Items 5-8 Dismantl & Modif work'!F24 -> 0 | D13: =+'Items 5-8 Dismantl & Modif work'!H24 -> 5000 | E13: =C13+D13 -> 5000
A14: 9 | B14: ='[1]Items 9- Spare Parts (Optional)'!B156 -> Spare Parts & Tools (Optional) | C14: =+'Items 9- Spare Parts (Optional)'!F158 -> 924738.15 | D14: N/A | E14: =C14 -> 924738.15
B15: Total Contract Price (U.A.E. Dirhams) | C15: =SUM(C6:C14) -> 29265984 | D15: =SUM(D6:D13) -> 24376521 | E15: =SUM(E6:E14) -> 53642505
A16: UAE Dirhams _____________________________________________________________

Sheet Items 1,2,3-Construction Works
A1: ABU DHABI DISTRIBUTION COMPANY
A2: TENDER NO. : D-111808
A3: CONSTRUCTION WORKS FOR REPLACEMENT OF SHBPRY, SMHPRY AND DRPRY SUBSTATION IN EASTERN REGION
A4: LOT 1: SHOBAISI PRY (SHBPRY)
A5: Item | B5: Description | C5: Unit | D5: Estimated Qty. (a) | E5: CIF / Local (AED) - A | G5: Erection (AED) - B | I5: Total Price (AED)
E6: Unit Rate (b) | F6: Total (a*b) | G6: Unit Rate (c) | H6: Total (a*c)
I7: A + B
B8: The Technical Specifications, the description of the Scope of the Work/Scope of Supply and the subsequently prepared Price Tabulation Sheets / BOQ, are intended to give the frame of the equipment needed for the items in Scope. It is to be understood that the work(s) / services /equipment include everything requisite and/or necessary to finish the entire work properly to the satisfaction of ADDC/Employer and the equipment has to be complete in every respect, notwithstanding the fact that every item may not be specifically mentioned.
B9: CONSTRUCTION OF NEW 33/11 kV PRIMARY SUBSTATION (SHBPRY) AND ASSOCIATED EXTERNAL 33kV, 11kV & PILOT CABLE DIVERSION WORKS
A10: 1 | B10: Electrical Works for new 33/11 kV Primary Substation
A11: 1.1 | B11: 33 kV GIS Switchgear
B12: Supply, Installation, testing and commissioning of the SF6 insulated (GIS) type with single busbar of 1600 A nominal current rating at 40deg.C ambient temperature and rated short-circuit current of 31.5kA for 1sec. including all the associated protection relays including relays panels, tools and accessories in line with enclosed SOW, tender specifications and drawings. As the substation will have three 33/11kV power transformers the 33kV busbar will be divided into three sections. Supply of cable terminations for all the feeder panels (surplus/unused termination kits shall be handed-over to ADDC as per procedure) shall be included. Dummy plugs shall be provided for all the feeders. 33kV switchgear must be equipped of following configuration as per SOW and tender drawing.
A13: 1.1.1 | B13: 630A incomer panels and associated relays. | C13: Nos. | D13: 3 | E13: 386916.35 | F13: =D13*E13 -> 1160749.1 | G13: 30947.059 | H13: =G13*D13 -> 92841.176 | I13: =F13+H13 -> 1253590.2
A14: 1.1.2 | B14: No BOQ Item
A15: 1.1.3 | B15: 630A outgoing/transformer feeder panels and associated relays. | C15: Nos. | D15: 3 | E15: 386916.35 | F15: =D15*E15 -> 1160749.1 | G15: 30947.059 | H15: =G15*D15 -> 92841.176 | I15: =F15+H15 -> 1253590.2
A16: 1.1.4 | B16: 1250A panels for Bus Section/Bus Riser and Measuring Cubicles | C16: Sets | D16: 2 | E16: 386916.35 | F16: =D16*E16 -> 773832.7 | G16: 30947.059 | H16: =G16*D16 -> 61894.117 | I16: =F16+H16 -> 835726.82
A17: 1.1.5 | B17: Portable gas handling equipment along with 20kg gas cylinder suitable for offered switchgear | C17: Nos. | D17: 1 | E17: 173873.25 | F17: =D17*E17 -> 173873.25 | G17: 0 | H17: =+G17*D17 -> 0 | I17: =F17+H17 -> 173873.25
A18: 1.2 | B18: 33 kV Protection Panels
B19: Supply and Installation of Control and Protection Panels for 33 kV switchgear in line with Scope of Work, tender drawings & ADDC Specifications and requirements, comprising of:
A20: 1.2.1 | B20: Incomer Cable Feeder Protection Panels | C20: Nos. | D20: 3 | E20: 233750 | F20: =D20*E20 -> 701250 | G20: 29504.44 | H20: =G20*D20 -> 88513.32 | I20: =F20+H20 -> 789763.32
A21: 1.2.2 | B21: No BOQ Item
A22: 1.2.3 | B22: Transformer Feeder Protection Panels | C22: Nos. | D22: 3 | E22: 181200 | F22: =D22*E22 -> 543600 | G22: 14546.81 | H22: =G22*D22 -> 43640.43 | I22: =F22+H22 -> 587240.43
A23: 1.2.4 | B23: Bus Sectionalizer / Bus riser Protection Panels | C23: Sets | D23: 2 | E23: 105300 | F23: =D23*E23 -> 210600 | G23: 1004.52 | H23: =G23*D23 -> 2009.04 | I23: =F23+H23 -> 212609.04
A24: 1.2.4 | B24: Portable PC (latest model) with software for parameter setting, monitoring, diagnostic, etc. for all numeric protection relays in line with Scope of Work & TAQA/ADDC Specifications and requirements | C24: Nos. | D24: 1 | E24: 62761.36 | F24: =D24*E24 -> 62761.36 | G24: 0 | H24: =G24*D24 -> 0 | I24: =F24+H24 -> 62761.36
A25: 1.3 | B25: 33 kV Busbar Protection
B26: Supply, Installation,Testing & Commisioning of 33 kV high impedance Busbar Protection in line with SOW. | C26: Lot | D26: 1 | E26: 304057.5 | F26: =D26*E26 -> 304057.5 | G26: 31519.65 | H26: =G26*D26 -> 31519.65 | I26: =F26+H26 -> 335577.15
A27: 1.4 | B27: 11kV AIS Switchgear
B28: Supply, Installation, testing and commissioning of the 11kV Switchgear shall be of Air-Insulated type and consist of a single busbar system with three sections and ring configuration. Each busbar shall have a current rating of 1600A, short circuit current 31.5 kA for 1 sec. including all the associated protection relays, tools and accessories in line with enclosed SOW, tender specifications and drawings. Dummy plugs shall be provided for all the feeders. Including Two (2) Bus Ducts for Busbar Interconnection. 11kV switchgear must be equipped of following configuration as per SOW and tender drawing.
A29: 1.4.1 | B29: 1600A incomer panels from 20MVA 33/11kV power transformers and associated relays | C29: Nos. | D29: 3 | E29: 177715.06 | F29: =D29*E29 -> 533145.19 | G29: 7670.513 | H29: =G29*D29 -> 23011.539 | I29: =F29+H29 -> 556156.73
A30: 1.4.2 | B30: 630A outgoing feeder panels and associated relays | C30: Nos. | D30: 24 | E30: 177715.06 | F30: =D30*E30 -> 4265161.5 | G30: 7670.513 | H30: =G30*D30 -> 184092.31 | I30: =F30+H30 -> 4449253.8
A31: 1.4.3 | B31: 630A outgoing feeder panels for auxiliary transformer and associated relays | C31: Nos. | D31: 2 | E31: 177715.06 | F31: =D31*E31 -> 355430.13 | G31: 7670.513 | H31: =G31*D31 -> 15341.026 | I31: =F31+H31 -> 370771.15
A32: 1.4.4 | B32: 630A outgoing feeder panels for capacitor banks and associated relays | C32: Nos. | D32: 3 | E32: 177715.06 | F32: =D32*E32 -> 533145.19 | G32: 7670.513 | H32: =G32*D32 -> 23011.539 | I32: =F32+H32 -> 556156.73
A33: 1.4.5 | B33: 1600A bus sectionalizer/bus riser panels and metering cubicles | C33: Sets | D33: 3 | E33: 177715.06 | F33: =D33*E33 -> 533145.19 | G33: 7670.513 | H33: =G33*D33 -> 23011.539 | I33: =F33+H33 -> 556156.73
A34: 1.4.7 | B34: Over-Head Bus Ducts for Busbar Interconnection | C34: Sets | D34: 2 | E34: 175809.63 | F34: =D34*E34 -> 351619.27 | G34: 1123.1215 | H34: =G34*D34 -> 2246.2431 | I34: =F34+H34 -> 353865.51
A35: 1.5 | B35: 20 MVA Power Transformer
B36: Supply, Transportation, Installation, Testing & Commissioning of 33/11.5kV Power Transformers having 20MVA rated output with Copper winding complete with AVR panel, TIP panel, cable terminations, tools and accessories in line with enclosed SOW, tender specifications and drawings. | C36: Nos | D36: 3 | E36: 1822500 | F36: =D36*E36 -> 5467500 | G36: 53887.562 | H36: =G36*D36 -> 161662.69 | I36: =F36+H36 -> 5629162.7
A37: 1.5.1 | B37: Supply, Installation, Testing & Commissioning of Automatic Voltage Regulator (AVR) Panel for Operation of the Motorized Tap Changer in line with SOW & latest TAQA/ADDC specification & requirements. | C37: Nos | D37: 3 | E37: 159246 | F37: =D37*E37 -> 477738 | G37: 14404.29 | H37: =G37*D37 -> 43212.87 | I37: =F37+H37 -> 520950.87
A38: 1.5.2 | B38: Supply, Installation, Testing & Commissioning of Transformer Interlocking Panel in line with SOW & latest TAQA/ADDC specification & requirements. | C38: Nos | D38: 1 | E38: 86725 | F38: =D38*E38 -> 86725 | G38: 4408.39 | H38: =G38*D38 -> 4408.39 | I38: =F38+H38 -> 91133.39
A39: 1.6 | B39: Auxiliary Transformer - 630kVA
B40: Supply, Transportation, Installation, Testing & Commissioning of 630kVA 11/0.415kV Auxiliary Transformer with Aluminium winding complete with cable terminations, tools and accessories in line with enclosed SOW, tender specifications and drawings. | C40: Nos | D40: 2 | E40: 81987.5 | F40: =D40*E40 -> 163975 | G40: 4281.58 | H40: =D40*G40 -> 8563.16 | I40: =F40+H40 -> 172538.16
A41: 1.7 | B41: Main LVAC distribution board
B42: Supply, Installation, testing and commissioning of floor mounted, front access, air insulated, totally enclosed, fully interlocked, modular cubicle pattern LVAC distribution board with all necessary cable terminations in line with Scope of Work and ADDC standard specifications. | C42: Nos | D42: 1 | E42: 702000 | F42: =D42*E42 -> 702000 | G42: 15958.16 | H42: =D42*G42 -> 15958.16 | I42: =F42+H42 -> 717958.16
A43: 1.8 | B43: Reactive Power Compensation
B44: Design, manufacture, factory testing, shipping and transportation to site, installation, site testing, and commissioning of three outdoor type 11kV capacitor banks with series detuning/ filter reactors and control panel for each capacitor bank in line with Scope of Work and ADDC standard specifications. | C44: Lot | D44: 1 | E44: 1989000 | F44: =D44*E44 -> 1989000 | G44: 11772.21 | H44: =D44*G44 -> 11772.21 | I44: =F44+H44 -> 2000772.2
A45: 1.9 | B45: 110V DC System
B46: Supply, installation, testing and commissioning of 110V DC system with dual charger rectification modules and dual Battery bank configuration having suitable ampere hour capacity with all accessories for the DC distribution arrangement to provide the DC supply for the switchgear, protection equipment, local indications, control, communication, emergency lighting, etc. in substation in line with ADDC specifications and requirements .
B47: 110V DC Battery Charger | C47: Lot | D47: 1 | E47: 554351.65 | F47: =D47*E47 -> 554351.65 | G47: 44807.236 | H47: =D47*G47 -> 44807.236 | I47: =F47+H47 -> 599158.88
B48: 110V DC Distribution Board | C48: Lot | D48: 1 | E48: 118626.69 | F48: =D48*E48 -> 118626.69 | G48: 334.25 | H48: =D48*G48 -> 334.25 | I48: =F48+H48 -> 118960.94
B49: 110V DC Battery Bank | C49: Lot | D49: 1 | E49: 533820.1 | F49: =D49*E49 -> 533820.1 | G49: 61687.078 | H49: =D49*G49 -> 61687.078 | I49: =F49+H49 -> 595507.18
A50: 1.1 | B50: Common Alarm Panel
B51: Supply, Installation,Testing & Commisioning of Common Alarm Panel in line with ADDC specifications and requirements. | C51: Nos | D51: 1 | E51: 139144.2 | F51: =D51*E51 -> 139144.2 | G51: 30648.96 | H51: =G51*D51 -> 30648.96 | I51: =F51+H51 -> 169793.16
A52: 1.11 | B52: Internal Power & Control Cabling Works
A53: 1.11.1 | B53: 33kV Power cables
A54: 1.11.1.1 | B54: Supply and installation, testing and commissioning of 33kV XLPE insulated single-core cable with Copper conductor of 500mm² cross section for interconnections between 33kV switchgear and 20MVA power transformers. | C54: Lot | D54: 1 | E54: 141856.43 | F54: =D54*E54 -> 141856.43 | G54: 642.60645 | H54: =D54*G54 -> 642.60645 | I54: =F54+H54 -> 142499.04
A55: 1.11.1.2 | B55: Installation testing and commissioning of 33kV plug-in type cable-end terminations in 33kV SWGR for XLPE insulated, single-core cables with 500mm² Cu Conductor, including all accessories. | C55: Lot | D55: 1 | E55: included in BOQ item 1.1 | G55: 20288.16 | H55: =D55*G55 -> 20288.16 | I55: =F55+H55 -> 20288.16
A56: 1.11.1.3 | B56: Supply, installation, testing and commissioning of 33kV cable-end terminations in HV cable box of Power Transformer for XLPE insulated, single-core cables with 500mm² Cu Conductor, including all accessories. | C56: Lot | D56: 1 | E56: 9945 | F56: =D56*E56 -> 9945 | G56: 2596.33 | H56: =D56*G56 -> 2596.33 | I56: =F56+H56 -> 12541.33
A57: 1.11.2 | B57: 11kV Power cables
A58: 1.11.2.1 | B58: Supply, installation, testing and commissioning of 11kV XLPE insulated single-core cable with Copper conductor of 630mm² cross section for interconnections between 11kV switchgear and 20MVA power transformers as well as for connections between power transformer neutral and the earthing bus. | C58: Lot | D58: 1 | E58: 242478.38 | F58: =D58*E58 -> 242478.38 | G58: 3714.1539 | H58: =D58*G58 -> 3714.1539 | I58: =F58+H58 -> 246192.53
A59: 1.11.2.2 | B59: Installation, testing and commissioning of 11kV single-phase cable termination kits for the XLPE insulated Copper conductor of 630mm² cross section, including all accessories. | C59: Lot | D59: 1 | E59: included in BOQ item 1.4 | G59: 6806.46 | H59: =D59*G59 -> 6806.46 | I59: =F59+H59 -> 6806.46
A60: 1.11.2.3 | B60: Supply, installation, testing and commissioning of 11kV XLPE insulated single-core cable with Copper conductor of 500mm² cross section for connections between 11kV switchgear and capacitor banks. | C60: Lot | D60: 1 | E60: 121554.49 | F60: =D60*E60 -> 121554.49 | G60: 5784.0917 | H60: =D60*G60 -> 5784.0917 | I60: =F60+H60 -> 127338.58
A61: 1.11.2.4 | B61: Installation, testing and commissioning of 11kV single-phase cable termination kits for the XLPE insulated Copper conductor of 500mm² cross section, including all accessories. | C61: Lot | D61: 1 | E61: included in BOQ item 1.4 | G61: 3403.23 | H61: =D61*G61 -> 3403.23 | I61: =F61+H61 -> 3403.23
A62: 1.11.2.5 | B62: Supply, installation, testing and commissioning of 11kV XLPE insulated three-core cable with Copper conductor of 120mm² cross section for connections between 11kV switchgear and station auxiliary transformers including associated termination works. | C62: Lot | D62: 1 | E62: 33509.639 | F62: =D62*E62 -> 33509.639 | G62: 7291.2215 | H62: =D62*G62 -> 7291.2215 | I62: =F62+H62 -> 40800.86
A63: 1.11.2.6 | B63: Installation, testing and commissioning of 11kV cable-end terminations for XLPE insulated, three-core cables with 120mm² Cu Conductor, including all accessories. | C63: Lot | D63: 1 | E63: included in BOQ item 1.4 | G63: 2722.58 | H63: =D63*G63 -> 2722.58 | I63: =F63+H63 -> 2722.58
A64: 1.11.3 | B64: Low Voltage Power, Control, and Communication Cables
A65: 1.11.3.1 | B65: Supply, installation, testing and commissioning of complete Set of Low voltage and control cable (1kV), single core, Copper Conductor XLPE complete with termination works in line with SOW and ADDC specification | C65: Lot | D65: 1 | E65: 152954.18 | F65: =D65*E65 -> 152954.18 | G65: 4910.9963 | H65: =D65*G65 -> 4910.9963 | I65: =F65+H65 -> 157865.18
A66: 1.11.3.2 | B66: Supply, installation, testing and commissioning of complete Set of Low voltage and control cable (1kV), multi core, Copper Conductor XLPE complete with termination works in line with SOW and ADDC specification | C66: Lot | D66: 1 | E66: 108060.11 | F66: =D66*E66 -> 108060.11 | G66: 15889.071 | H66: =D66*G66 -> 15889.071 | I66: =F66+H66 -> 123949.18
A67: 1.12 | B67: Earthing & Lightning Protection System
B68: Supply, installation, testing and commissioning of Earthing Grid System & Lightning protection including all accessories as detailed in the Scope of the Work and relevant ADDC specification. | C68: Lot | D68: 1 | E68: 130000 | F68: =D68*E68 -> 130000 | G68: 31441.12 | H68: =D68*G68 -> 31441.12 | I68: =F68+H68 -> 161441.12
A69: 1.13 | B69: Tariff meters and panel
B70: Supply, installation, testing and commissioning of wall mounted, front access Tariff meter panel including installation, testing and commissioning of two Tariff meters (one from each Aux Transformer to LVAC panel) and associated fees, cabling and wiring works and necessary protection device shall be provided in line with Scope of Works and relevant sections of TAQA/ADDC specifications. Tariff meter panel shall be installed in a separate wall-mounted panel inside LV & protection room. | C70: Lot | D70: 1 | E70: 89700 | F70: =D70*E70 -> 89700 | G70: 12962.25 | H70: =D70*G70 -> 12962.25 | I70: =F70+H70 -> 102662.25
A71: 1.14 | B71: ADMS / RTU Communication System
A72: 1.14.1 | B72: Remote Terminal Unit
B73: Supply, installation, testing and commissioning of RTU equipment which is deem necessary to complete the signal chain from process through ADMS interface cubicle to RTU including P2P test between SHBPRY and ADMS control center in line with scope of work and relevant sections of TAQA/ADDC specifications. | C73: Lot | D73: 1 | E73: 503154 | F73: =D73*E73 -> 503154 | G73: 244140.01 | H73: =D73*G73 -> 244140.01 | I73: =F73+H73 -> 747294.01
A74: 1.14.2 | B74: Supply, installation, testing and commissioning of Interface Cubicle in line with scope of work and relevant sections of TAQA/ADDC specifications. | C74: Lot | D74: 1 | E74: 344295 | F74: =D74*E74 -> 344295 | G74: 336332.34 | H74: =D74*G74 -> 336332.34 | I74: =F74+H74 -> 680627.34
A75: 1.14.3 | B75: Supply, installation, testing and commissioning of Tele-control Communication Interface in line with scope of work and relevant sections of TAQA/ADDC specifications. | C75: Lot | D75: 1 | E75: 3750 | F75: =D75*E75 -> 3750 | G75: 4821.58 | H75: =D75*G75 -> 4821.58 | I75: =F75+H75 -> 8571.58
A76: 1.14.4 | B76: Communication System
A77: 1.14.4.1 | B77: No BOQ Item
A78: 1.14.4.2 | B78: Telecommunication Links through GPRS/4G/5G modem
B79: Supply, installation, testing and commissioning of required equipment at primary substations and at ADMS to establish communication with ADMS through GPRS/4G/5G modem in line with scope of work and relevant sections of TAQA/ADDC specifications. | C79: Lot | D79: 1 | E79: 9808.75 | F79: =D79*E79 -> 9808.75 | G79: 17479.26 | H79: =D79*G79 -> 17479.26 | I79: =F79+H79 -> 27288.01
A80: 1.15 | B80: ADMS Integration Works
A81: 1.15.1 | B81: Configuration and parameterization of Hardware equipment related works in all respect in line with scope of work. | C81: Lot | D81: 1 | E81: 0 | F81: =D81*E81 -> 0 | G81: 464326.5 | H81: =D81*G81 -> 464326.5 | I81: =F81+H81 -> 464326.5
A82: 1.15.2 | B82: Configuration and parameterization of Software related works in all respect in line with scope of work. (Optional) | C82: Lot | D82: 1 | E82: 0 | F82: =D82*E82 -> 0 | G82: 464326.5 | H82: =D82*G82 -> 464326.5 | I82: =F82+H82 -> 464326.5
A83: 1.16 | B83: Remote End 33kV Panel Protection Conversion Works
B84: Survey of existing protection and design of new Protection System including Re-configuration of SCMS at Remote-end Substation and associated modification works at ADMS MasterStation related to SHBPRY (KHZGPRY) in line with SOW and ADDC standard specification requirements. | C84: Lot | D84: 1 | E84: 0 | F84: =D84*E84 -> 0 | G84: 1766782.5 | H84: =D84*G84 -> 1766782.5 | I84: =F84+H84 -> 1766782.5
A85: 1.17 | B85: Protection Relays Setting Study
A86: 1.17.1 | B86: Protection Relay Setting Study in line with SOW and ADDC standard specification requirements. | C86: Lot | D86: 1 | E86: 0 | F86: =D86*E86 -> 0 | G86: 90000 | H86: =D86*G86 -> 90000 | I86: =F86+H86 -> 90000
A87: Item-1 Sub Total - Installation of New 33/11kV Primary station (Electrical) | F87: =SUM(F13:F86) -> 23787066 | H87: =SUM(H13:H86) -> 4573689 | I87: =SUM(I13:I86) -> 28360755
A88: 2 | B88: Mechanical Works for new 33/11 kV Primary Substation
B89: NOTE: The following items are meant to cover all mechanical works of the entire building (SHBPRY) complete in all respects, not withstanding the fact that every item may not be specifically mentioned.
A90: 2.1 | B90: HVAC System
B91: Supply, Installation, testing and commissioning of Heating, Ventilation and Air-conditioning (HVAC) as per Scope of Work in line with TAQA/ADDC specifications, comprising of:
A92: 2.1.1 | B92: Package Air Conditioning units (ACCU) 2 numbers and all accessories | C92: Lot | D92: 1 | E92: 867590.2 | F92: =D92*E92 -> 867590.2 | G92: 191744.71 | H92: =D92*G92 -> 191744.71 | I92: =F92+H92 -> 1059334.9
A93: 2.1.2 | B93: Split Unit Air-conditioners | C93: Lot | D93: 1 | E93: 61970.725 | F93: =D93*E93 -> 61970.725 | G93: 12394.145 | H93: =D93*G93 -> 12394.145 | I93: =F93+H93 -> 74364.87
A94: 2.1.3 | B94: Control panel for the complete HVAC system | C94: Lot | D94: 1 | E94: 309853.64 | F94: =D94*E94 -> 309853.64 | G94: 61970.728 | H94: =D94*G94 -> 61970.728 | I94: =F94+H94 -> 371824.37
A95: 2.1.4 | B95: Extraction fans | C95: Lot | D95: 1 | E95: 371824.37 | F95: =D95*E95 -> 371824.37 | G95: 74364.873 | H95: =D95*G95 -> 74364.873 | I95: =F95+H95 -> 446189.24
A96: 2.1.5 | B96: Ducting, piping,VCD, fire dumpers,access door ,air outlets and all other accessories | C96: Lot | D96: 1 | E96: 413138.19 | F96: =D96*E96 -> 413138.19 | G96: 82627.638 | H96: =D96*G96 -> 82627.638 | I96: =F96+H96 -> 495765.83
A97: 2.1.6 | B97: Temperature Controlers, duct heaters and cabling | C97: Lot | D97: 1 | E97: 41313.817 | F97: =D97*E97 -> 41313.817 | G97: 8262.7633 | H97: =D97*G97 -> 8262.7633 | I97: =F97+H97 -> 49576.58
A98: 2.2 | B98: Fire Detection and Protection System
B99: Supply, Installation, testing and commissioning of Fire Detection and Protection Systems as per Scope of Work in line with TAQA/ADDC specifications & civil defense requirements for substation, comprising of:
A100: 2.2.1 | B100: Fire detection and alarm system, including Fire alarm control panel and mimic panels, fire alarm devices | C100: Lot | D100: 1 | E100: 231727.08 | F100: =D100*E100 -> 231727.08 | G100: 113012.02 | H100: =D100*G100 -> 113012.02 | I100: =F100+H100 -> 344739.1
...

Sheet Items 4-Load Diversion Works
A1: ABU DHABI DISTRIBUTION COMPANY
A2: ='[1]Items 1,2,3-Construction Works'!A2 -> TENDER NO. : D-111808
A3: ='[1]Items 1,2,3-Construction Works'!A3 -> CONSTRUCTION WORKS FOR REPLACEMENT OF SHBPRY, SMHPRY AND DRPRY SUBSTATION IN EASTERN REGION
A4: ='[1]Items 1,2,3-Construction Works'!A4 -> LOT 1: SHOBAISI PRY (SHBPRY)
A5: Item | B5: Description | C5: Unit | D5: Estimated Qty. (a) | E5: CIF / Local (AED) - A | G5: Erection (AED) - B | I5: Total Price (AED)
E6: Unit Rate (b) | F6: Total (a*b) | G6: Unit Rate (c) | H6: Total (a*c)
I7: A + B
B8: The Technical Specifications, the description of the Scope of the Work/Scope of Supply and the subsequently prepared Price Tabulation Sheets / BOQ, are intended to give the frame of the equipment needed for the items in Scope. It is to be understood that the work(s) / services /equipment include everything requisite and/or necessary to finish the entire work properly to the satisfaction of ADDC/Employer and the equipment has to be complete in every respect, notwithstanding the fact that every item may not be specifically mentioned.
A9: 4 | B9: Interconnecting Cables between Grid Station and the new Primary Substation and Load Diversion works
A10: 4.1 | B10: General Project requirements: Route Survey - NO BOQ Items
A11: 4.2 | B11: 33kV Power cables
B12: Scope shall include the following for 33 kV cables and its accessories in line with enclosed SOW, tender specifications and drawings shall be provided
A13: 4.2.1 | B13: Collection from ADDC store, Installation, Testing & Commisioning of 33kV, 3Cx400sq.mm XLPE, Al. cable from 33kV switchgear of Primary Substation to pick-up point. | C13: m | D13: 1570 | F13: =D13*E13 -> 0 | G13: 12.74 | H13: =D13*G13 -> 20001.8 | I13: =F13+H13 -> 20001.8
A14: 4.2.2 | B14: Installation, Testing & Commisioning of 33kV plug-in type cable-end termination (33kV SWGR in new Primary substation) for 3Cx400sq.mm XLPE, Al. Cable, including all accessories in line with SOW. | C14: Sets | D14: 3 | E14: included in BOQ item 1.1 | G14: 2081.25 | H14: =D14*G14 -> 6243.75 | I14: =F14+H14 -> 6243.75
A15: 4.2.3 | B15: Collection from ADDC store, Installation, Testing & Commisioning of 33 kV cable straight through joint (aluminium and aluminium cable) for 3Cx400 Sq.mm, Al XLPE, armoured cable and as per Technical Specification in line with SOW. | C15: Sets | D15: 2 | F15: =D15*E15 -> 0 | G15: 922.19 | H15: =D15*G15 -> 1844.38 | I15: =F15+H15 -> 1844.38
A16: 4.2.4 | B16: Collection from ADDC store, Installation, Testing & Commisioning of 33 kV cable straight through transition joint (aluminium and copper cable) for 3Cx400 Sq.mm, Al XLPE, armoured cable with existing Cu. XLPE, armoured cable and as per Technical Specification in line with SOW. | C16: Sets | D16: 1 | F16: =D16*E16 -> 0 | G16: 1159.06 | H16: =D16*G16 -> 1159.06 | I16: =F16+H16 -> 1159.06
A17: 4.2.5 | B17: Supply, Installation, Testing & Commissioning of 33kV Conventional-type cable-end termination (33kV Terminal Tower) for 3Cx400sq.mm XLPE, Al. Cable, including all accessories in line with SOW. | C17: Sets | D17: 2 | F17: =D17*E17 -> 0 | G17: 1697.78 | H17: =D17*G17 -> 3395.56 | I17: =F17+H17 -> 3395.56
A18: 4.3 | B18: 11kV Power cables
B19: Scope shall include the following for 11 kV cables and its accessories in line with enclosed SOW, tender specifications and drawings shall be provided
A20: 4.3.1 | B20: Collection from ADDC store, Installation, Testing & Commisioning of 11kV, 3Cx400sq.mm XLPE, Al. cable for interconnections between 11kV switchgear of each Primary Substation to pick-up point | C20: m | D20: 10485 | F20: =D20*E20 -> 0 | G20: 12.74 | H20: =D20*G20 -> 133578.9 | I20: =F20+H20 -> 133578.9
A21: 4.3.2 | B21: Installation, Testing & Commisioning of 11kV conventional-type cable-end termination (11kV SWGR in new Primary Substation) for 3Cx400sq.mm XLPE, Al. Cable, including all accessories in line with SOW. | C21: Sets | D21: 13 | E21: included in BOQ item 1.4 | G21: 801.42 | H21: =D21*G21 -> 10418.46 | I21: =F21+H21 -> 10418.46
A22: 4.3.3 | B22: Collection from ADDC store, Installation, Testing & Commisioning of 11kV conventional-type bi-metallic cable-end termination (downstream 11kV RMU/SWGR) for 3Cx400sq.mm XLPE, Al. Cable, including all accessories in line with SOW. | C22: Sets | D22: 5 | F22: =D22*E22 -> 0 | G22: 801.42 | H22: =D22*G22 -> 4007.1 | I22: =F22+H22 -> 4007.1
A23: 4.3.4 | B23: Collection from ADDC store, Installation, Testing & Commisioning of 11 kV cable straight through joint (aluminium and aluminium cable) for 3Cx400 Sq.mm, Al XLPE, armoured cable and as per Technical Specification in line with SOW. | C23: Sets | D23: 20 | F23: =D23*E23 -> 0 | G23: 801.42 | H23: =D23*G23 -> 16028.4 | I23: =F23+H23 -> 16028.4
A24: 4.3.5 | B24: Collection from ADDC store, Installation, Testing & Commisioning of 11 kV cable straight through transition joint (aluminium and copper cable) for 3Cx400 Sq.mm, Al XLPE, armoured cable with existing 3Cx400 Sq.mm, Cu XLPE, armoured cable and as per Technical Specification in line with SOW. | C24: Sets | D24: 12 | F24: =D24*E24 -> 0 | G24: 919.85 | H24: =D24*G24 -> 11038.2 | I24: =F24+H24 -> 11038.2
A25: 4.4 | B25: Pilot wire
B26: Scope shall include the following for Pilot wire and its accessories in line with enclosed SOW, tender specifications and drawings shall be provided
A27: 4.4.1 | B27: Collection from ADDC store (free issue), Installation, Testing & Commissioning of Armoured Pilot wire for communcation and protection purpose in line with SOW. | C27: m | D27: 2150 | F27: =D27*E27 -> 0 | G27: 4.24 | H27: =D27*G27 -> 9116 | I27: =F27+H27 -> 9116
A28: 4.4.2 | B28: Supply, Installation, Testing & Commissioning of Pilot wire end joint including all accessories for conneting new pilot wire with existing pilot wire in line with SOW. | C28: Sets | D28: 2 | F28: =D28*E28 -> 0 | G28: 5685.97 | H28: =D28*G28 -> 11371.94 | I28: =F28+H28 -> 11371.94
A29: 4.4.3 | B29: Supply, Installation of Pilot wire termination box including all accessories in line with SOW & ADDC requirements | C29: Nos. | D29: 2 | F29: =D29*E29 -> 0 | G29: 17249.58 | H29: =D29*G29 -> 34499.16 | I29: =F29+H29 -> 34499.16
A30: 4.4.4 | B30: Supply, Installation of Pilot wire to FO cable convertor box including all accessories in line ADDC requirements | C30: Nos. | D30: 4 | F30: =D30*E30 -> 0 | G30: 19166.2 | H30: =D30*G30 -> 76664.8 | I30: =F30+H30 -> 76664.8
A31: 4.5 | B31: Fibre Optic (FO) Cables and Accessories
A32: 4.5.1 | B32: Supply, Installation, Testing & Commisioning of Floor mounted panel suitable for termination of Two (2) of fibre optic cable and FO patch cards including two (2) termination head racks complete at new 33/11kV Primary Substation including all accessories in line ADDC requirements | C32: Lot | D32: 1 | F32: =D32*E32 -> 0 | G32: 111802.86 | H32: =D32*G32 -> 111802.86 | I32: =F32+H32 -> 111802.86
A33: 4.5.2 | B33: Supply, Installation, Testing & Commisioning of New Wall mounted fiber optic termination box complete with suitable for termination of 32-core FOC at remote end substation including all accessories in line ADDC requirements | C33: Nos. | D33: 2 | F33: =D33*E33 -> 0 | G33: 9583.1 | H33: =D33*G33 -> 19166.2 | I33: =F33+H33 -> 19166.2
A34: 4.6 | B34: Civil Works for External cable laying works
B35: The scope of work of this item covers the engineering, design, execution, commissioning and warranty services for all civil works related to the installation of the 33kV cables, 11kV and pilot cables specified for the new 33/11kV Primary substation in line with Scope of Work- NO BOQ Items
A36: 4.7 | B36: Excavate trench of appropriate width and depth as per ADDC Specification including dewatering, in ground of any nature, in any formation for multiple HV & pilot cable laying in the same trench, backfill the same including sand bedding and reinstate. | C36: m3 | D36: =(D13+D20+D27)*0.5*1 -> 7102.5 | F36: =D36*E36 -> 0 | G36: 64.12 | H36: =D36*G36 -> 455412.3 | I36: =F36+H36 -> 455412.3
A37: 4.7.1 | B37: Excavate trench of appropriate width and depth in Green area as per ADDC Specification including dewatering, in ground of any nature, in any formation for multiple HV & pilot cable laying in the same trench, backfill the same including sand bedding and reinstate. | C37: m3 | D37: 10 | F37: =D37*E37 -> 0 | G37: 64.12 | H37: =D37*G37 -> 641.2 | I37: =F37+H37 -> 641.2
A38: 4.8 | B38: Earthing materials for Power & pilot cables, cable tray & cable supports | C38: Lot | D38: 1 | F38: =D38*E38 -> 0 | G38: 46737.25 | H38: =D38*G38 -> 46737.25 | I38: =F38+H38 -> 46737.25
A39: 4.9 | B39: Supply and laying of LDPE-Recycled (Low Density Poly Ethylene with dimension of 1000 x 250 x 6 mm cable covering protective tiles for 33kV, 11kV power & pilot cable as per TAQA/ADDC Technical Specification in line with SOW. | C39: Nos | D39: =(D13*2)+(D20*1)+(D27*1) -> 15775 | F39: =D39*E39 -> 0 | G39: 9.21 | H39: =D39*G39 -> 145287.75 | I39: =F39+H39 -> 145287.75
A40: 4.1 | B40: Warning tape, 300 mm width and 150 microns thick, along the cable in trench for 33kV, 11kV cables & pilot cable and as per Technical Specification in line with SOW. | C40: m | D40: =D13+D20+D27 -> 14205 | F40: =D40*E40 -> 0 | G40: 0.9 | H40: =D40*G40 -> 12784.5 | I40: =F40+H40 -> 12784.5
A41: 4.11 | B41: Cable route & joint marker
A42: 4.11.1 | B42: Cable Route marker (type-2) along the cable in trench for 33kV & 11kV power cable and as per Technical Specification | C42: Nos | D42: =(D13+D20)/50 -> 241.1 | F42: =D42*E42 -> 0 | G42: 106.47 | H42: =D42*G42 -> 25669.917 | I42: =F42+H42 -> 25669.917
A43: 4.11.2 | B43: Cable Joint marker (type-2) along the cable in trench for 33kV & 11kV power cable and as per Technical Specification | C43: Nos | D43: 35 | F43: =D43*E43 -> 0 | G43: 157.58 | H43: =D43*G43 -> 5515.3 | I43: =F43+H43 -> 5515.3
A44: 4.12 | B44: Provide road crossing 200mm ID with minimum wall thickness 5mm, by concrete duct bank at specified location including supply of HDPE Pipes as per municipality relevant public work department specification, including soil investigation tests, new fees payable to municipality or testing agency for necessary tests.
A45: 4.12.1 | B45: 2 WAY ( 2 nos 200mm ID) | C45: m | D45: 10 | F45: =D45*E45 -> 0 | G45: 781.98 | H45: =D45*G45 -> 7819.8 | I45: =F45+H45 -> 7819.8
A46: 4.12.2 | B46: 4 WAY ( 4 nos 200mm ID) | C46: m | D46: 16 | F46: =D46*E46 -> 0 | G46: 1137.19 | H46: =D46*G46 -> 18195.04 | I46: =F46+H46 -> 18195.04
A47: 4.12.3 | B47: 6 WAY ( 6 nos 200mm ID) | C47: m | D47: 5 | F47: =D47*E47 -> 0 | G47: 1654.68 | H47: =D47*G47 -> 8273.4 | I47: =F47+H47 -> 8273.4
A48: 4.12.4 | B48: 8 WAY ( 8 nos 200mm ID) | C48: m | D48: 5 | F48: =D48*E48 -> 0 | G48: 2132.56 | H48: =D48*G48 -> 10662.8 | I48: =F48+H48 -> 10662.8
A49: 4.12.5 | B49: 10 WAY ( 10 nos 200mm ID) | C49: m | D49: 20 | F49: =D49*E49 -> 0 | G49: 2601.49 | H49: =D49*G49 -> 52029.8 | I49: =F49+H49 -> 52029.8
A50: 4.13 | B50: Provide road crossing 200mm ID by NDRC at specified location including supply of HDPE Pipes as per municipality relevant public work department specification, including soil investigation tests, new fees payable to municipality or testing agency for necessary tests.
A51: 4.13.1 | B51: 1 WAY ( 1 no. 200mm ID) | C51: m | D51: 20 | F51: =D51*E51 -> 0 | G51: 496.21 | H51: =D51*G51 -> 9924.2 | I51: =F51+H51 -> 9924.2
A52: 4.13.2 | B52: 2 WAY ( 2 nos. 200mm ID) | C52: m | D52: 16 | F52: =D52*E52 -> 0 | G52: 635.49 | H52: =D52*G52 -> 10167.84 | I52: =F52+H52 -> 10167.84
A53: 4.13.3 | B53: 4 WAY ( 4 nos. 200mm ID) | C53: m | D53: 34 | F53: =D53*E53 -> 0 | G53: 888.48 | H53: =D53*G53 -> 30208.32 | I53: =F53+H53 -> 30208.32
A54: 4.13.4 | B54: 6 WAY ( 6 nos. 200mm ID) | C54: m | D54: 5 | F54: =D54*E54 -> 0 | G54: 1179.81 | H54: =D54*G54 -> 5899.05 | I54: =F54+H54 -> 5899.05
A55: 4.13.5 | B55: 8 WAY ( 8 nos. 200mm ID) | C55: m | D55: 5 | F55: =D55*E55 -> 0 | G55: 1471.14 | H55: =D55*G55 -> 7355.7 | I55: =F55+H55 -> 7355.7
A56: 4.14 | B56: Asphalt breaking and reinstatement in paved areas including base course and wearing surface as per the scope of work.
A57: 4.14.1 | B57: Up to 15 cm thick | C57: m² | D57: 5 | F57: =D57*E57 -> 0 | G57: 1054.14 | H57: =D57*G57 -> 5270.7 | I57: =F57+H57 -> 5270.7
A58: 4.14.2 | B58: Above 15 cm thick Up to 40 cm thick. | C58: m² | D58: 5 | F58: =D58*E58 -> 0 | G58: 1054.14 | H58: =D58*G58 -> 5270.7 | I58: =F58+H58 -> 5270.7
A59: 4.15 | B59: Removal and reinstatement of all types of tiles as per the scope of work.
A60: 4.15.1 | B60: Curbstone tiles | C60: Nos | D60: 5 | F60: =D60*E60 -> 0 | G60: 82.84 | H60: =D60*G60 -> 414.2 | I60: =F60+H60 -> 414.2
A61: 4.15.2 | B61: Interlocking colored pre-cast paving blocks | C61: m² | D61: 5 | F61: =D61*E61 -> 0 | G61: 82.84 | H61: =D61*G61 -> 414.2 | I61: =F61+H61 -> 414.2
A62: 4.15.3 | B62: Ceramic | C62: m² | D62: 5 | F62: =D62*E62 -> 0 | G62: 82.84 | H62: =D62*G62 -> 414.2 | I62: =F62+H62 -> 414.2
A63: 4.16 | B63: Supply and Installation of bentonite slurry mixture in cable duct of 200 mm ID for cable installation and as per Technical Specification. | C63: m | D63: =(D45*2)+(D46*4)+(D49*10)+(D51)+(D52*2)+(D53*4) -> 472 | F63: =D63*E63 -> 0 | G63: 54.32 | H63: =D63*G63 -> 25639.04 | I63: =F63+H63 -> 25639.04
A64: 4.17 | B64: Recovery of any underground existing cables including disconnection from the equipment, roll the cable in drum and return to ADDC Stores | C64: m | D64: 1300 | F64: =D64*E64 -> 0 | G64: 22.34 | H64: =D64*G64 -> 29042 | I64: =F64+H64 -> 29042
A65: 4.18 | B65: No BOQ Item
A66: 4.19 | B66: No BOQ Item
A67: 4.2 | B67: No BOQ Item
A68: 4.21 | B68: No BOQ Item
A69: Item-4 Sub Total - Interconnecting Cables between Grid Station and the new Primary Substation and Load Diversion works | F69: =SUM(F11:F68) -> 0 | H69: =SUM(H11:H68) -> 1389385.8 | I69: =SUM(I11:I68) -> 1389385.8
A71: Item - 4 | B71: =B9 -> Interconnecting Cables between Grid Station and the new Primary Substation and Load Diversion works | F71: =F69 -> 0 | H71: =H69 -> 1389385.8 | I71: =I69 -> 1389385.8
A73: GRAND TOTAL of Items-4 Works (Prices) | F73: =SUM(F71:F71) -> 0 | H73: =SUM(H71:H71) -> 1389385.8 | I73: =SUM(I71:I71) -> 1389385.8

Sheet Items 5-8 Dismantl & Modif work
A1: ABU DHABI DISTRIBUTION COMPANY
A2: ='[1]Items 1,2,3-Construction Works'!A2 -> TENDER NO. : D-111808
A3: ='[1]Items 1,2,3-Construction Works'!A3 -> CONSTRUCTION WORKS FOR REPLACEMENT OF SHBPRY, SMHPRY AND DRPRY SUBSTATION IN EASTERN REGION
A4: ='[1]Items 1,2,3-Construction Works'!A4 -> LOT 1: SHOBAISI PRY (SHBPRY)
A5: Item | B5: Description | C5: Unit | D5: Estimated Qty. (a) | E5: CIF / Local (AED) - A | G5: Erection (AED) - B | I5: Total Price (AED)
E6: Unit Rate (b) | F6: Total (a*b) | G6: Unit Rate (c) | H6: Total (a*c)
I7: A + B
B8: The Technical Specifications, the description of the Scope of the Work/Scope of Supply and the subsequently prepared Price Tabulation Sheets / BOQ, are intended to give the frame of the equipment needed for the items in Scope. It is to be understood that the work(s) / services /equipment include everything requisite and/or necessary to finish the entire work properly to the satisfaction of ADDC/Employer and the equipment has to be complete in every respect, notwithstanding the fact that every item may not be specifically mentioned.
A9: 5 | B9: Dismantling, Decommissioning & Demolition Works of existing old 33/11kV primary substation (SHBPRY)
A10: 5.1 | B10: Decommissioning, Dismantling, Demolish, Packing and handing over safely of all the existing substation equipment and materials to ADDC stores as per standard ADDC procedure in line with Scope of Work. | C10: Lot | D10: 1 | F10: =D10*E10 -> 0 | G10: 193226.5 | H10: =D10*G10 -> 193226.5 | I10: =F10+H10 -> 193226.5
A11: 6 | B11: Dismantling & Decommissioning Works of old 2 nos. Package Units (SHBPRY2 & SHBPRY3)
A12: 6.1 | B12: Scope of work shall include the existing SHBPRY2 & SHBPRY3 old package units, Decommissioning, Dismantling, Packing and handing over safely of the existing package unit and its equipment and materials to ADDC stores as per standard ADDC procedure in line with Scope of Work. | C12: Lot | D12: 1 | F12: =D12*E12 -> 0 | G12: 27020.51 | H12: =D12*G12 -> 27020.51 | I12: =F12+H12 -> 27020.51
A13: 7 | B13: 33kV OHL Modification works for SHBPRY
B14: The scope of work of this item covers the engineering, design, execution, commissioning and warranty services for all electrical and civil works related to necessary OHL modification works as part of 33kV OHL modification and diversion works for SHBPRY.
A15: 7.1 | B15: Supply, Installation, Testing and Commissioning of 33kV OHL terminal tower double circuit including all accessories as detailed in SOW for proposed termination of proposed 33kV, 3Cx400sq.mm Al. XLPE cables with existing conductor as per relevant Technical Specification. Refer to network diagram for installation and modification in line with SOW. | C15: Lot | D15: 1 | F15: =D15*E15 -> 0 | G15: 760354.9 | H15: =D15*G15 -> 760354.9 | I15: =F15+H15 -> 760354.9
A16: 7.2 | B16: Dismantling & Decommissioning of existing 33kV OHL line including Tower / Conductor and Handover To ADDC Store (after successful diversion to new proposed SHBPRY as per tender documents in line with SOW) | C16: M | D16: 1000 | F16: =D16*E16 -> 0 | G16: 154.7 | H16: =D16*G16 -> 154700 | I16: =F16+H16 -> 154700
A17: Item-7 Sub Total - 33kV OHL Modification works for SHBPRY | F17: =SUM(F15:F16) -> 0 | H17: =SUM(H15:H16) -> 915054.9 | I17: =SUM(I15:I16) -> 915054.9
A18: 8 | B18: Shifting of existing 11kV TRM (GIS name: OKH12) to a location near existing TRM (DHS08) to connect Radial Transformer (SHB02) into a ring feeder
A19: 8.1 | B19: The scope of work comprises of the shifting, Installation, testing and commissioning of existing 11kV TRM including all necessary cable terminations as per standard ADDC procedure in line with Scope of Work. | C19: Lot | D19: 1 | F19: =D19*E19 -> 0 | G19: 5000 | H19: =D19*G19 -> 5000 | I19: =F19+H19 -> 5000
A21: Item - 5 | B21: =B9 -> Dismantling, Decommissioning & Demolition Works of existing old 33/11kV primary substation (SHBPRY) | F21: =F10 -> 0 | H21: =H10 -> 193226.5 | I21: =I10 -> 193226.5
A22: Item - 6 | B22: =B11 -> Dismantling & Decommissioning Works of old 2 nos. Package Units (SHBPRY2 & SHBPRY3) | F22: =F12 -> 0 | H22: =H12 -> 27020.51 | I22: =I12 -> 27020.51
A23: Item - 7 | B23: =B13 -> 33kV OHL Modification works for SHBPRY | F23: =F17 -> 0 | H23: =H17 -> 915054.9 | I23: =I17 -> 915054.9
A24: Item - 8 | B24: =B18 -> Shifting of existing 11kV TRM (GIS name: OKH12) to a location near existing TRM (DHS08) to connect Radial Transformer (SHB02) into a ring feeder | F24: =F19 -> 0 | H24: =H19 -> 5000 | I24: =I19 -> 5000
A26: GRAND TOTAL of Items-5, 6, 7, 8 Works (Prices) | F26: =SUM(F21:F24) -> 0 | H26: =SUM(H21:H24) -> 1140301.9 | I26: =SUM(I21:I24) -> 1140301.9

Sheet Items 9- Spare Parts (Optional)
A1: ABU DHABI DISTRIBUTION COMPANY
A2: ='[1]Items 1,2,3-Construction Works'!A2 -> TENDER NO. : D-111808
A3: ='[1]Items 1,2,3-Construction Works'!A3 -> CONSTRUCTION WORKS FOR REPLACEMENT OF SHBPRY, SMHPRY AND DRPRY SUBSTATION IN EASTERN REGION
A4: ='[1]Items 1,2,3-Construction Works'!A4 -> LOT 1: SHOBAISI PRY (SHBPRY)
A5: Item | B5: Description | C5: Unit | D5: Estimated Qty. (a) | E5: CIF / Local (AED) - A
E6: Unit Rate (b) | F6: Total (a*b)
B8: The Technical Specifications, the description of the Scope of the Work/Scope of Supply and the subsequently prepared Price Tabulation Sheets / BOQ, are intended to give the frame of the equipment needed for the items in Scope. It is to be understood that the work(s) / services /equipment include everything requisite and/or necessary to finish the entire work properly to the satisfaction of ADDC/Employer and the equipment has to be complete in every respect, notwithstanding the fact that every item may not be specifically mentioned.
A9: 9 | B9: Spare Parts & Tools (Optional)
A10: 9.1 | B10: 33kV Switchgear (GIS)
A11: 9.1.1 | B11: Complete circuit breaker unit(s) of each rating/type supplied , including operation mechansium | C11: Set | D11: 1 | E11: 198617.48 | F11: =D11*E11 -> 198617.48
A12: 9.1.2 | B12: Auxiliary switch | C12: No. | D12: 1 | E12: 359.95333 | F12: =D12*E12 -> 359.95333
A13: 9.1.3 | B13: Spring tensioning motor | C13: No. | D13: 1 | E13: 642.77667 | F13: =D13*E13 -> 642.77667
A14: 9.1.4 | B14: Closing/trip solenoid coils | C14: Nos. | D14: 2 | E14: 128.55667 | F14: =D14*E14 -> 257.11333
A15: 9.1.5 | B15: Operating mechanism (Not Applicable) | C15: No. | D15: 1 | E15: 0 | F15: =D15*E15 -> 0
A16: 9.1.6 | B16: Complete busbar disconnector/earthing switch unit for each current rating with operating mechanism (Not Applicable) | C16: Set | D16: 1 | E16: 0 | F16: =D16*E16 -> 0
A17: 9.1.7 | B17: Complete VT disconnector switch with main operating mechanism | C17: Set | D17: 1 | E17: 964.16333 | F17: =D17*E17 -> 964.16333
A18: 9.1.8 | B18: Auxiliary switch for disconnector/earth switch | C18: No. | D18: 1 | E18: 411.37667 | F18: =D18*E18 -> 411.37667
A19: 9.1.9 | B19: Motor for disconnector/earth switch | C19: No. | D19: 1 | E19: 514.22 | F19: =D19*E19 -> 514.22
A20: 9.1.10 | B20: Insulator-rod for disconnector/earthing switch of each type (Not Applicable) | C20: Set | D20: 1 | E20: 0 | F20: =D20*E20 -> 0
A21: 9.1.11 | B21: Complete Voltage transformer (3-Phase) | C21: Set | D21: 1 | E21: 30467.537 | F21: =D21*E21 -> 30467.537
A22: 9.1.12 | B22: Complete CT (3-Phase one of each type) | C22: L.S | D22: 1 | E22: 11569.95 | F22: =D22*E22 -> 11569.95
... A27: 9.1.17 | B27: Maintenance tools and accessories as required | C27: No. | D27: 1 | E27: 2342.2733 | F27: =D27*E27 -> 2342.2733
A28: Item-9.1 Sub Total | F28: =SUM(F11:F27) -> 269104.44
A29: 9.2 | B29: 11kV Switchgear (AIS)
A30: 9.2.1 | B30: Maintenance tools and accessories as required | C30: Set | D30: 1 | E30: 13883.94 | F30: =D30*E30 -> 13883.94
A31: 9.2.2 | B31: Circuit breaker truck(s) of each rating/type supplied, including operating mechanism | C31: Set | D31: 1 | E31: 48850.9 | F31: =D31*E31 -> 48850.9
A32: 9.2.3 | B32: Feeder isolator/earting switch(s) of each rating/type supplied | C32: Set | D32: 1 | E32: 19283.25 | F32: =D32*E32 -> 19283.25
A33: 9.2.4 | B33: Current transformer (3-Phase one of each type) | C33: Set | D33: 1 | E33: 20825.91 | F33: =D33*E33 -> 20825.91
A34: 9.2.5 | B34: Voltage transformer of each type (3-Phase) | C34: Set | D34: 1 | E34: 17354.927 | F34: =D34*E34 -> 17354.927
A35: 9.2.6 | B35: Motors of each type supplied | C35: Set | D35: 1 | E35: 642.77667 | F35: =D35*E35 -> 642.77667
A36: 9.2.7 | B36: Trip coil, fuses, aux. relays and contactors, etc. | C36: Set | D36: 1 | E36: 5913.53 | F36: =D36*E36 -> 5913.53
A37: 9.2.8 | B37: Cable Live Indicator | C37: Set | D37: 1 | E37: 1028.44 | F37: =D37*E37 -> 1028.44
A38: Item-9.2 Sub Total | F38: =SUM(F30:F37) -> 127783.67
A39: 9.3 | B39: Power Transformers 20 MVA Note: for each of the above (to be reproduced as applicable)
A40: 9.3.1 | B40: Complete bushing | C40: Set | D40: 1 | E40: 4316.6667 | F40: =D40*E40 -> 4316.6667
A41: 9.3.2 | B41: Post insulator | C41: Set | D41: 1 | E41: 1963.3333 | F41: =D41*E41 -> 1963.3333
A42: 9.3.3 | B42: Temperature monitor | C42: Set | D42: 1 | E42: 4906.6667 | F42: =D42*E42 -> 4906.6667
A43: 9.3.4 | B43: Thermometer | C43: Set | D43: 1 | E43: 4906.6667 | F43: =D43*E43 -> 4906.6667
A44: 9.3.5 | B44: Oil level gauge | C44: Set | D44: 1 | E44: 1963.3333 | F44: =D44*E44 -> 1963.3333
A45: 9.3.6 | B45: Step position transmitter | C45: Set | D45: 1 | E45: 3926.6667 | F45: =D45*E45 -> 3926.6667
A46: 9.3.7 | B46: Transducer (4-20mA) | C46: Set | D46: 1 | E46: 3926.6667 | F46: =D46*E46 -> 3926.6667
A47: 9.3.8 | B47: Diode matrix | C47: Set | D47: 1 | E47: 4906.6667 | F47: =D47*E47 -> 4906.6667
A48: 9.3.9 | B48: Gas sampling device | C48: Set | D48: 1 | E48: 15700 | F48: =D48*E48 -> 15700
A49: 9.3.10 | B49: Pressure relieve device | C49: Set | D49: 1 | E49: 4906.6667 | F49: =D49*E49 -> 4906.6667
A50: 9.3.11 | B50: Pressure relay (Not Applicable) | C50: Set | D50: 1 | E50: 0 | F50: =D50*E50 -> 0
A51: 9.3.12 | B51: Oil flow relay (Not Applicable) | C51: Set | D51: 1 | E51: 0 | F51: =D51*E51 -> 0
... A64: 9.3.25 | B64: Special tools for tap changer inspection and maintenance incl. lifting device for diverter switch | C64: Set | D64: 1 | E64: 6870 | F64: =D64*E64 -> 6870
A65: Item-9.3 Sub Total | F65: =SUM(F40:F64) -> 142593.33
A66: 9.4 | B66: Capacitor Banks
A67: 9.4.1 | B67: Capacitors | C67: Set | D67: 1 | E67: 8500 | F67: =D67*E67 -> 8500
A68: 9.4.2 | B68: Vacuum contactor | C68: No. | D68: 1 | E68: 4933.3333 | F68: =D68*E68 -> 4933.3333
A69: 9.4.3 | B69: Fuses | C69: Set | D69: 1 | E69: 1300 | F69: =D69*E69 -> 1300
A70: 9.4.4 | B70: Control/supervision spares consisting of one Relay/module (as applicable) | C70: Set | D70: 1 | E70: 4166.6667 | F70: =D70*E70 -> 4166.6667
A71: Item-9.4 Sub Total | F71: =SUM(F67:F70) -> 18900
A72: 9.5 | B72: Auxiliary Power Supply
A73: 9.5.1 | B73: Push button of each type used | C73: Set | D73: 1 | E73: 5266.1533 | F73: =D73*E73 -> 5266.1533
A74: 9.5.2 | B74: Control/selector switch of each type used | C74: Set | D74: 1 | E74: 5266.1533 | F74: =D74*E74 -> 5266.1533
A75: 9.5.3 | B75: Position indicator of each type used | C75: Set | D75: 1 | E75: 5266.1533 | F75: =D75*E75 -> 5266.1533
A76: 9.5.4 | B76: Set of 20 lamps of each type used | C76: Set | D76: 1 | E76: 5266.1533 | F76: =D76*E76 -> 5266.1533
A77: 9.5.5 | B77: Auxilliary relay and aux. contactor of each type used | C77: Set | D77: 1 | E77: 5266.1533 | F77: =D77*E77 -> 5266.1533
A78: 9.5.6 | B78: PCB of each type used (battery charger) | C78: Set | D78: 1 | E78: 5266.1533 | F78: =D78*E78 -> 5266.1533
A79: 9.5.7 | B79: Alarm annunciation device of each type used | C79: Set | D79: 1 | E79: 5266.1533 | F79: =D79*E79 -> 5266.1533
A80: 9.5.8 | B80: 10% of the total no. of battery cells | C80: Lot | D80: 1 | E80: 5266.1533 | F80: =D80*E80 -> 5266.1533
A81: 9.5.9 | B81: Complete maintenance tool box for batteries and rectifiers | C81: Set | D81: 1 | E81: 5266.1533 | F81: =D81*E81 -> 5266.1533
A82: 9.5.10 | B82: MCB and MCCB of each type used | C82: Set | D82: 1 | E82: 5266.1533 | F82: =D82*E82 -> 5266.1533
A83: 9.5.11 | B83: Set of 5 fuses of each type used | C83: Set | D83: 1 | E83: 5266.1533 | F83: =D83*E83 -> 5266.1533
A84: 9.5.12 | B84: Time relay of each type used | C84: Set | D84: 1 | E84: 5266.1533 | F84: =D84*E84 -> 5266.1533
A85: 9.5.13 | B85: Measuring/indicating instrument of each type used | C85: Set | D85: 1 | E85: 5266.1533 | F85: =D85*E85 -> 5266.1533
A86: Item-9.5 Sub Total | F86: =SUM(F73:F85) -> 68459.993
A87: 9.6 | B87: MV Protection
A88: 9.6.1 | B88: Relay/module (as applicable) of each type used for the equipment as used in this contract (Not Applicable) | C88: Set | D88: 1 | E88: 0 | F88: =D88*E88 -> 0
A89: 9.6.2 | B89: Test plugs for each type of protection relay supplied (Not Applicable) | C89: No. | D89: 1 | E89: 0 | F89: =D89*E89 -> 0
A90: 9.6.3 | B90: BCPU of each type used | C90: Set | D90: 1 | E90: 32138.75 | F90: =D90*E90 -> 32138.75
A91: 9.7 | B91: RTU Control System | E91: 0
A92: 9.7.1 | B92: RTU with CPU module/PCB board and Power Supply Unit (as applicable) one of each type | C92: Set | D92: 1 | E92: 189968 | F92: =D92*E92 -> 189968
A93: 9.7.2 | B93: Operation/diagnostics/maintenance tools | C93: Set | D93: 1 | E93: 10005 | F93: =D93*E93 -> 10005
A94: 9.7.3 | B94: RTU -Spare Terminals | C94: Set | D94: 1 | E94: 10005 | F94: =D94*E94 -> 10005
A95: 9.7.4 | B95: Transducers of each type (Not Applicable) | C95: Set | D95: 1 | E95: 0 | F95: =D95*E95 -> 0
A96: 9.8 | B96: Telecommunication Equipment | E96: 0
A97: 9.8.1 | B97: Serial optical convertor (Not Applicable) | C97: No. | D97: 1 | E97: 0 | F97: =D97*E97 -> 0
A98: 9.8.2 | B98: Modem | C98: No. | D98: 2 | E98: 6666.6667 | F98: =D98*E98 -> 13333.333
A99: 9.8.3 | B99: MCB one of each type (Not Applicable) | C99: Set | D99: 1 | E99: 0 | F99: =D99*E99 -> 0
A100: 9.8.4 | B100: Tool box including all tools required for maintenance and cable termination (Not Applicable) | C100: No. | D100: 1 | E100: 0 | F100: =D100*E100 -> 0
A101: Item-9.6, 9.7, 9.8 Sub Total | F101: =SUM(F88:F100) -> 255450.08
A102: 9.9 | B102: Fire Alarm & Fire Fighting Equipment
A103: 9.9.1 | B103: 10% (minimum 1No.) fire alarm control panel-P.C.B.Cards | C103: No. | D103: 1 | E103: 476.19 | F103: =D103*E103 -> 476.19
A104: 9.9.2 | B104: 100% Fire alarm control panel - LED each color | C104: Set | D104: 1 | E104: 476.19 | F104: =D104*E104 -> 476.19
A105: 9.9.3 | B105: 100 % annucuator Panel -LED,Each color. | C105: Set | D105: 1 | E105: 476.19 | F105: =D105*E105 -> 476.19
A106: 9.9.4 | B106: Fuses of each type for fire alarm control panel | C106: Set | D106: 1 | E106: 476.19 | F106: =D106*E106 -> 476.19
A107: 9.9.5 | B107: 10% smoke detector of each type | C107: Set | D107: 1 | E107: 476.19 | F107: =D107*E107 -> 476.19
A108: 9.9.6 | B108: 10% heat detector | C108: Set | D108: 1 | E108: 476.19 | F108: =D108*E108 -> 476.19
A109: 9.9.7 | B109: Remote detector indicator | C109: Set | D109: 1 | E109: 476.19 | F109: =D109*E109 -> 476.19
A110: 9.9.8 | B110: Flash light | C110: No | D110: 1 | E110: 476.19 | F110: =D110*E110 -> 476.19
A111: 9.9.9 | B111: Alarm Horn | C111: Set | D111: 1 | E111: 476.19 | F111: =D111*E111 -> 476.19
A112: 9.9.10 | B112: Push button - manual release | C112: Set | D112: 1 | E112: 476.19 | F112: =D112*E112 -> 476.19
A113: 9.9.11 | B113: Push button - break glass | C113: Set | D113: 1 | E113: 476.19 | F113: =D113*E113 -> 476.19
A114: 9.9.12 | B114: Tank inlet float valve DN32 | C114: No. | D114: 1 | E114: 476.19 | F114: =D114*E114 -> 476.19
... A118: 9.9.16 | B118: heat detector tester | C118: No | D118: 1 | E118: 476.19 | F118: =D118*E118 -> 476.19
B119: IG system
A120: 9.9.17 | B120: High pressure flexible hose | C120: No | D120: 6 | E120: 476.19 | F120: =D120*E120 -> 2857.14
...
